Datetime,Discharge
1/6/2025 0:00,1.597203229
1/6/2025 0:10,2.260468285
1/6/2025 0:20,11.27516493
1/6/2025 0:30,13.44403064
1/6/2025 0:40,11.49950344
1/6/2025 0:50,9.056749663
1/6/2025 1:00,7.487550543
1/6/2025 1:10,7.236681563
1/6/2025 1:20,8.678300348
1/6/2025 1:30,8.433283677
1/6/2025 1:40,7.399765908
1/6/2025 1:50,6.321380436
1/6/2025 2:00,5.144286018
1/6/2025 2:10,4.839185642
1/6/2025 2:20,7.044335674
1/6/2025 2:30,7.270234802
1/6/2025 2:40,6.125133007
1/6/2025 2:50,4.7853444
1/6/2025 3:00,3.827906647
1/6/2025 3:10,4.001525147
1/6/2025 3:20,5.775164929
1/6/2025 3:30,6.327232745
1/6/2025 3:40,5.804816628
1/6/2025 3:50,5.595694119
1/6/2025 4:00,5.477867631
1/6/2025 4:10,5.396325459
1/6/2025 4:20,5.406469462
1/6/2025 4:30,5.830566787
1/6/2025 4:40,7.992019579
1/6/2025 4:50,9.578385472
1/6/2025 5:00,10.5182663
1/6/2025 5:10,9.666560261
1/6/2025 5:20,7.631907498
1/6/2025 5:30,8.999397035
1/6/2025 5:40,12.00202171
1/6/2025 5:50,16.43924239
1/6/2025 6:00,23.21504575
1/6/2025 6:10,20.3723842
1/6/2025 6:20,11.16943321
1/6/2025 6:30,10.45584167
1/6/2025 6:40,14.69330354
1/6/2025 6:50,22.36216926
1/6/2025 7:00,30.20231255
1/6/2025 7:10,24.56341775
1/6/2025 7:20,12.67854863
1/6/2025 7:30,9.728204583
1/6/2025 7:40,12.57944953
1/6/2025 7:50,18.16684401
1/6/2025 8:00,21.45623182
1/6/2025 8:10,19.35564304
1/6/2025 8:20,14.75494786
1/6/2025 8:30,14.42721856
1/6/2025 8:40,14.56338228
1/6/2025 8:50,13.44090941
1/6/2025 9:00,13.32737462
1/6/2025 9:10,12.15652266
1/6/2025 9:20,10.13591544
1/6/2025 9:30,8.86206285
1/6/2025 9:40,8.618606796
1/6/2025 9:50,8.642016032
1/6/2025 10:00,9.261190324
1/6/2025 10:10,11.08281904
1/6/2025 10:20,14.90398666
1/6/2025 10:30,15.9733986
1/6/2025 10:40,15.04756331
1/6/2025 10:50,12.62899908
1/6/2025 11:00,10.15314724
1/6/2025 11:10,8.659182805
1/6/2025 11:20,8.392902745
1/6/2025 11:30,8.375670947
1/6/2025 11:40,9.083475207
1/6/2025 11:50,10.78292072
1/6/2025 12:00,11.40098957
1/6/2025 12:10,11.12950746
1/6/2025 12:20,13.15180535
1/6/2025 12:30,11.41529522
1/6/2025 12:40,8.065823698
1/6/2025 12:50,5.37701284
1/6/2025 13:00,4.241014637
1/6/2025 13:10,3.648305786
1/6/2025 13:20,4.586625996
1/6/2025 13:30,5.887789364
1/6/2025 13:40,6.887558819
1/6/2025 13:50,7.421744579
1/6/2025 14:00,7.73874465
1/6/2025 14:10,9.066568537
1/6/2025 14:20,10.41194935
1/6/2025 14:30,10.87330638
1/6/2025 14:40,10.83201509
1/6/2025 14:50,10.9471105
1/6/2025 15:00,12.39978364
1/6/2025 15:10,12.50577546
1/6/2025 15:20,11.0966695
1/6/2025 15:30,11.257608
1/6/2025 15:40,12.28143695
1/6/2025 15:50,13.1742392
1/6/2025 16:00,13.4444208
1/6/2025 16:10,12.43977442
1/6/2025 16:20,11.1311331
1/6/2025 16:30,10.27279445
1/6/2025 16:40,9.976602587
1/6/2025 16:50,10.29035137
1/6/2025 17:00,10.65319453
1/6/2025 17:10,9.378366556
1/6/2025 17:20,6.650215176
1/6/2025 17:30,7.015334232
1/6/2025 17:40,9.241162422
1/6/2025 17:50,11.96346149
1/6/2025 18:00,15.35715046
1/6/2025 18:10,16.11665011
1/6/2025 18:20,15.37763354
1/6/2025 18:30,16.15306448
1/6/2025 18:40,17.19445036
1/6/2025 18:50,18.12301672
1/6/2025 19:00,17.7962628
1/6/2025 19:10,17.26500319
1/6/2025 19:20,17.43146887
1/6/2025 19:30,15.35129815
1/6/2025 19:40,12.70637961
1/6/2025 19:50,10.13136365
1/6/2025 20:00,8.540510983
1/6/2025 20:10,10.20224161
1/6/2025 20:20,15.64456386
1/6/2025 20:30,16.1498132
1/6/2025 20:40,14.7517616
1/6/2025 20:50,12.70345345
1/6/2025 21:00,10.07869287
1/6/2025 21:10,9.189141898
1/6/2025 21:20,12.07660613
1/6/2025 21:30,12.41051288
1/6/2025 21:40,10.78096995
1/6/2025 21:50,8.909856707
1/6/2025 22:00,8.148081152
1/6/2025 22:10,8.743716157
1/6/2025 22:20,11.70465938
1/6/2025 22:30,13.82709678
1/6/2025 22:40,12.72523705
1/6/2025 22:50,9.240837294
1/6/2025 23:00,5.934282708
1/6/2025 23:10,4.309616703
1/6/2025 23:20,6.814730084
1/6/2025 23:30,7.266333262
1/6/2025 23:40,5.31653898
1/6/2025 23:50,3.535486274
1/7/2025 0:00,2.874686103
1/7/2025 0:10,4.033257667
1/7/2025 0:20,8.729410513
1/7/2025 0:30,10.36968267
1/7/2025 0:40,9.738283559
1/7/2025 0:50,9.684312265
1/7/2025 1:00,8.721607434
1/7/2025 1:10,7.116449126
1/7/2025 1:20,7.765730297
1/7/2025 1:30,7.678921047
1/7/2025 1:40,6.341343312
1/7/2025 1:50,4.598980871
1/7/2025 2:00,2.804268515
1/7/2025 2:10,2.568508471
1/7/2025 2:20,4.746914237
1/7/2025 2:30,5.487231326
1/7/2025 2:40,5.402697974
1/7/2025 2:50,3.429169327
1/7/2025 3:00,2.138487378
1/7/2025 3:10,1.581681951
1/7/2025 3:20,2.238803849
1/7/2025 3:30,2.938568415
1/7/2025 3:40,3.278634934
1/7/2025 3:50,2.892821491
1/7/2025 4:00,2.641540168
1/7/2025 4:10,2.49694721
1/7/2025 4:20,2.622914635
1/7/2025 4:30,2.72535507
1/7/2025 4:40,2.691861785
1/7/2025 4:50,2.994118253
1/7/2025 5:00,4.211753092
1/7/2025 5:10,5.420254901
1/7/2025 5:20,4.611660873
1/7/2025 5:30,5.820162682
1/7/2025 5:40,9.520447613
1/7/2025 5:50,13.21715613
1/7/2025 6:00,15.86044903
1/7/2025 6:10,13.67916342
1/7/2025 6:20,7.581382564
1/7/2025 6:30,7.77093235
1/7/2025 6:40,11.95370764
1/7/2025 6:50,17.79821357
1/7/2025 7:00,24.85902438
1/7/2025 7:10,20.61024804
1/7/2025 7:20,10.9425587
1/7/2025 7:30,9.485658887
1/7/2025 7:40,13.26169871
1/7/2025 7:50,18.69719326
1/7/2025 8:00,20.82385732
1/7/2025 8:10,18.05994183
1/7/2025 8:20,14.29398099
1/7/2025 8:30,14.74038211
1/7/2025 8:40,16.05032395
1/7/2025 8:50,16.69212717
1/7/2025 9:00,15.5668582
1/7/2025 9:10,13.92203424
1/7/2025 9:20,13.91683219
1/7/2025 9:30,14.81028469
1/7/2025 9:40,14.93155754
1/7/2025 9:50,14.63406517
1/7/2025 10:00,14.53685181
1/7/2025 10:10,15.50313305
1/7/2025 10:20,16.57670663
1/7/2025 10:30,14.78947648
1/7/2025 10:40,12.26843182
1/7/2025 10:50,10.2308529
1/7/2025 11:00,8.728760256
1/7/2025 11:10,8.546363292
1/7/2025 11:20,10.10307749
1/7/2025 11:30,10.68213095
1/7/2025 11:40,11.3714029
1/7/2025 11:50,12.70442884
1/7/2025 12:00,12.56072214
1/7/2025 12:10,15.27781916
1/7/2025 12:20,19.75906221
1/7/2025 12:30,16.50225225
1/7/2025 12:40,12.55064316
1/7/2025 12:50,10.81998534
1/7/2025 13:00,9.610833274
1/7/2025 13:10,8.852309002
1/7/2025 13:20,10.90549408
1/7/2025 13:30,11.67507271
1/7/2025 13:40,10.6080017
1/7/2025 13:50,10.84241919
1/7/2025 14:00,11.60614552
1/7/2025 14:10,11.1057731
1/7/2025 14:20,10.93963255
1/7/2025 14:30,12.39490672
1/7/2025 14:40,13.20154998
1/7/2025 14:50,13.12124329
1/7/2025 15:00,13.3433059
1/7/2025 15:10,13.49611619
1/7/2025 15:20,12.80326783
1/7/2025 15:30,11.78756709
1/7/2025 15:40,11.59801731
1/7/2025 15:50,12.91933863
1/7/2025 16:00,13.89634911
1/7/2025 16:10,13.03898584
1/7/2025 16:20,10.36252985
1/7/2025 16:30,9.005444421
1/7/2025 16:40,9.511018893
1/7/2025 16:50,10.84306945
1/7/2025 17:00,12.10391691
1/7/2025 17:10,12.87219503
1/7/2025 17:20,14.25561585
1/7/2025 17:30,18.14707621
1/7/2025 17:40,20.74810243
1/7/2025 17:50,23.68661181
1/7/2025 18:00,28.37691235
1/7/2025 18:10,29.37765718
1/7/2025 18:20,30.21063583
1/7/2025 18:30,32.65560048
1/7/2025 18:40,35
1/7/2025 18:50,35
1/7/2025 19:00,35
1/7/2025 19:10,32.74956255
1/7/2025 19:20,28.08982408
1/7/2025 19:30,23.46910099
1/7/2025 19:40,19.80327966
1/7/2025 19:50,16.51070559
1/7/2025 20:00,13.85278192
1/7/2025 20:10,13.79328344
1/7/2025 20:20,16.42519685
1/7/2025 20:30,15.91084391
1/7/2025 20:40,14.49978719
1/7/2025 20:50,12.28598874
1/7/2025 21:00,10.78292072
1/7/2025 21:10,12.32955593
1/7/2025 21:20,16.77893642
1/7/2025 21:30,18.30801471
1/7/2025 21:40,17.10471495
1/7/2025 21:50,14.39899742
1/7/2025 22:00,11.82398146
1/7/2025 22:10,12.49049443
1/7/2025 22:20,16.38227992
1/7/2025 22:30,16.05715164
1/7/2025 22:40,13.67981367
1/7/2025 22:50,9.720726632
1/7/2025 23:00,6.95908704
1/7/2025 23:10,7.783612353
1/7/2025 23:20,11.63345629
1/7/2025 23:30,10.63303658
1/7/2025 23:40,8.544087394
1/7/2025 23:50,7.192854272
1/8/2025 0:00,5.593873401
1/8/2025 0:10,6.549100281
1/8/2025 0:20,14.13174198
1/8/2025 0:30,16.18167577
1/8/2025 0:40,15.57336076
1/8/2025 0:50,14.1688066
1/8/2025 1:00,12.12635076
1/8/2025 1:10,11.89095789
1/8/2025 1:20,13.89309782
1/8/2025 1:30,14.13856967
1/8/2025 1:40,12.56852522
1/8/2025 1:50,10.00261285
1/8/2025 2:00,7.706231822
1/8/2025 2:10,6.863174198
1/8/2025 2:20,8.736238207
1/8/2025 2:30,8.204653472
1/8/2025 2:40,6.640136199
1/8/2025 2:50,5.071717387
1/8/2025 3:00,3.448677023
1/8/2025 3:10,2.991340761
1/8/2025 3:20,5.723599584
1/8/2025 3:30,6.288672531
1/8/2025 3:40,5.410826181
1/8/2025 3:50,4.811614764
1/8/2025 4:00,4.208826937
1/8/2025 4:10,3.112819512
1/8/2025 4:20,2.208578202
1/8/2025 4:30,1.748821608
1/8/2025 4:40,1.68967737
1/8/2025 4:50,1.886062382
1/8/2025 5:00,2.641213405
1/8/2025 5:10,4.106086401
1/8/2025 5:20,3.534185761
1/8/2025 5:30,3.977660732
1/8/2025 5:40,5.654997517
1/8/2025 5:50,8.41663711
1/8/2025 6:00,10.81348277
1/8/2025 6:10,10.79364995
1/8/2025 6:20,6.729546476
1/8/2025 6:30,7.659088222
1/8/2025 6:40,13.31827103
1/8/2025 6:50,19.41084983
1/8/2025 7:00,22.73593672
1/8/2025 7:10,17.86616538
1/8/2025 7:20,9.048036225
1/8/2025 7:30,9.097455723
1/8/2025 7:40,14.43541179
1/8/2025 7:50,19.97299662
1/8/2025 8:00,22.68651723
1/8/2025 8:10,22.92789246
1/8/2025 8:20,18.3092502
1/8/2025 8:30,16.405299
1/8/2025 8:40,16.84890402
1/8/2025 8:50,18.02131659
1/8/2025 9:00,18.17893878
1/8/2025 9:10,16.8660708
1/8/2025 9:20,14.15996311
1/8/2025 9:30,12.9438533
1/8/2025 9:40,13.47524296
1/8/2025 9:50,13.13736965
1/8/2025 10:00,11.65088317
1/8/2025 10:10,11.70121302
1/8/2025 10:20,13.71479747
1/8/2025 10:30,12.76711357
1/8/2025 10:40,11.61654962
1/8/2025 10:50,9.988047102
1/8/2025 11:00,8.362275661
1/8/2025 11:10,6.531673406
1/8/2025 11:20,4.249272895
1/8/2025 11:30,4.341349223
1/8/2025 11:40,5.996382209
1/8/2025 11:50,7.295984961
1/8/2025 12:00,7.272185571
1/8/2025 12:10,10.70475988
1/8/2025 12:20,20.20695893
1/8/2025 12:30,17.90309995
1/8/2025 12:40,12.72107541
1/8/2025 12:50,9.062992126
1/8/2025 13:00,8.480882457
1/8/2025 13:10,10.57210754
1/8/2025 13:20,18.16723416
1/8/2025 13:30,20.22607647
1/8/2025 13:40,20.32790665
1/8/2025 13:50,21.56976662
1/8/2025 14:00,21.38990565
1/8/2025 14:10,19.94516564
1/8/2025 14:20,18.9350571
1/8/2025 14:30,18.10519969
1/8/2025 14:40,17.6206285
1/8/2025 14:50,17.41384692
1/8/2025 15:00,15.01244946
1/8/2025 15:10,12.52287721
1/8/2025 15:20,11.00361779
1/8/2025 15:30,10.17922253
1/8/2025 15:40,11.31105909
1/8/2025 15:50,14.3819607
1/8/2025 16:00,15.65308222
1/8/2025 16:10,19.6786905
1/8/2025 16:20,21.93299993
1/8/2025 16:30,25.11392495
1/8/2025 16:40,29.05330921
1/8/2025 16:50,31.07820813
1/8/2025 17:00,29.25814003
1/8/2025 17:10,20.33102788
1/8/2025 17:20,10.62399801
1/8/2025 17:30,8.560083706
1/8/2025 17:40,9.762928283
1/8/2025 17:50,12.83851174
1/8/2025 18:00,16.35340853
1/8/2025 18:10,15.69521884
1/8/2025 18:20,11.98719586
1/8/2025 18:30,11.94427892
1/8/2025 18:40,12.7998865
1/8/2025 18:50,13.09445272
1/8/2025 19:00,12.75931049
1/8/2025 19:10,13.52050082
1/8/2025 19:20,15.26097751
1/8/2025 19:30,13.82950273
1/8/2025 19:40,11.58533731
1/8/2025 19:50,9.721181812
1/8/2025 20:00,8.574519401
1/8/2025 20:10,9.605696247
1/8/2025 20:20,14.31446407
1/8/2025 20:30,14.7038377
1/8/2025 20:40,12.88025821
1/8/2025 20:50,10.57717954
1/8/2025 21:00,8.21635809
1/8/2025 21:10,7.777044761
1/8/2025 21:20,10.94587501
1/8/2025 21:30,11.46751082
1/8/2025 21:40,10.66457402
1/8/2025 21:50,8.638114492
1/8/2025 22:00,6.320209974
1/8/2025 22:10,6.710363907
1/8/2025 22:20,12.21348514
1/8/2025 22:30,12.16276513
1/8/2025 22:40,9.172625381
1/8/2025 22:50,5.352628219
1/8/2025 23:00,3.094807406
1/8/2025 23:10,5.008512449
1/8/2025 23:20,13.09172164
1/8/2025 23:30,15.65386252
1/8/2025 23:40,13.78892672
1/8/2025 23:50,10.45662198
1/9/2025 0:00,7.72827552
1/9/2025 0:10,10.32084841
1/9/2025 0:20,18.09739661
1/9/2025 0:30,17.58824573
1/9/2025 0:40,15.17358303
1/9/2025 0:50,13.51308789
1/9/2025 1:00,11.68716748
1/9/2025 1:10,9.1546783
1/9/2025 1:20,9.428956516
1/9/2025 1:30,9.062601972
1/9/2025 1:40,7.376746826
1/9/2025 1:50,5.910548344
1/9/2025 2:00,4.932432432
1/9/2025 2:10,5.395545151
1/9/2025 2:20,9.159750301
1/9/2025 2:30,10.21784777
1/9/2025 2:40,9.198375541
1/9/2025 2:50,7.496524083
1/9/2025 3:00,4.842306874
1/9/2025 3:10,2.929811147
1/9/2025 3:20,2.99215767
1/9/2025 3:30,2.866092216
1/9/2025 3:40,2.595531833
1/9/2025 3:50,2.447507855
1/9/2025 4:00,2.214786713
1/9/2025 4:10,1.837374584
1/9/2025 4:20,1.165286907
1/9/2025 4:30,1
1/9/2025 4:40,1
1/9/2025 4:50,1
1/9/2025 5:00,1.298018341
1/9/2025 5:10,1.629748898
1/9/2025 5:20,1.521524745
1/9/2025 5:30,2.016571823
1/9/2025 5:40,2.839232236
1/9/2025 5:50,4.219231042
1/9/2025 6:00,6.269489962
1/9/2025 6:10,6.975668582
1/9/2025 6:20,2.63160655
1/9/2025 6:30,1.838158817
1/9/2025 6:40,3.289884373
1/9/2025 6:50,9.402426048
1/9/2025 7:00,15.14276087
1/9/2025 7:10,14.77757679
1/9/2025 7:20,9.465240831
1/9/2025 7:30,9.232318933
1/9/2025 7:40,13.49475066
1/9/2025 7:50,18.57065333
1/9/2025 8:00,22.26463077
1/9/2025 8:10,24.32152231
1/9/2025 8:20,24.73820671
1/9/2025 8:30,26.02610485
1/9/2025 8:40,25.62073491
1/9/2025 8:50,24.18535859
1/9/2025 9:00,24.62935376
1/9/2025 9:10,24.00705824
1/9/2025 9:20,23.0207491
1/9/2025 9:30,22.29896432
1/9/2025 9:40,21.07544158
1/9/2025 9:50,19.08409591
1/9/2025 10:00,17.1785841
1/9/2025 10:10,14.25438036
1/9/2025 10:20,15.0815067
1/9/2025 10:30,17.17234163
1/9/2025 10:40,15.43459601
1/9/2025 10:50,13.18769951
1/9/2025 11:00,10.09846067
1/9/2025 11:10,7.285840959
1/9/2025 11:20,5.911718805
1/9/2025 11:30,6.073632688
1/9/2025 11:40,7.018195361
1/9/2025 11:50,7.952614031
1/9/2025 12:00,8.531992623
1/9/2025 12:10,12.14403774
1/9/2025 12:20,22.96495708
1/9/2025 12:30,21.42697028
1/9/2025 12:40,17.0751933
1/9/2025 12:50,15.51106618
1/9/2025 13:00,13.00393701
1/9/2025 13:10,12.08278357
1/9/2025 13:20,15.12520394
1/9/2025 13:30,18.08686245
1/9/2025 13:40,18.54763425
1/9/2025 13:50,17.49694971
1/9/2025 14:00,14.71086047
1/9/2025 14:10,12.04962049
1/9/2025 14:20,10.12538129
1/9/2025 14:30,8.25303256
1/9/2025 14:40,7.165673548
1/9/2025 14:50,7.044335674
1/9/2025 15:00,6.436085692
1/9/2025 15:10,5.366283606
1/9/2025 15:20,6.680712208
1/9/2025 15:30,7.522664397
1/9/2025 15:40,8.417287366
1/9/2025 15:50,11.31300986
1/9/2025 16:00,14.70578847
1/9/2025 16:10,14.30900192
1/9/2025 16:20,11.66375825
1/9/2025 16:30,11.68950841
1/9/2025 16:40,13.61647868
1/9/2025 16:50,15.70536284
1/9/2025 17:00,18.24721572
1/9/2025 17:10,16.41583316
1/9/2025 17:20,12.43119103
1/9/2025 17:30,14.49198411
1/9/2025 17:40,19.02674328
1/9/2025 17:50,24.8213095
1/9/2025 18:00,31.55770731
1/9/2025 18:10,28.9577215
1/9/2025 18:20,22.30520678
1/9/2025 18:30,21.26739732
1/9/2025 18:40,21.99893594
1/9/2025 18:50,22.92750231
1/9/2025 19:00,23.90288714
1/9/2025 19:10,23.86972405
1/9/2025 19:20,23.32741009
1/9/2025 19:30,20.72079166
1/9/2025 19:40,17.56951834
1/9/2025 19:50,14.57196567
1/9/2025 20:00,12.8642619
1/9/2025 20:10,15.77988224
1/9/2025 20:20,22.29272186
1/9/2025 20:30,20.98375541
1/9/2025 20:40,17.87930056
1/9/2025 20:50,14.17634958
1/9/2025 21:00,10.74143435
1/9/2025 21:10,11.23536923
1/9/2025 21:20,15.69521884
1/9/2025 21:30,14.28949422
1/9/2025 21:40,10.97630702
1/9/2025 21:50,7.578846563
1/9/2025 22:00,5.328438675
1/9/2025 22:10,4.927360431
1/9/2025 22:20,7.525395474
1/9/2025 22:30,8.669326807
1/9/2025 22:40,8.455522452
1/9/2025 22:50,6.67095836
1/9/2025 23:00,4.283996595
1/9/2025 23:10,3.639462297
1/9/2025 23:20,8.279563028
1/9/2025 23:30,9.144534298
1/9/2025 23:40,6.878130099
1/9/2025 23:50,3.91452082
1/10/2025 0:00,2.273604188
1/10/2025 0:10,1.923640214
1/10/2025 0:20,8.171100234
1/10/2025 0:30,10.16556714
1/10/2025 0:40,8.282294105
1/10/2025 0:50,6.780981769
1/10/2025 1:00,5.562140881
1/10/2025 1:10,6.111867773
1/10/2025 1:20,10.71568419
1/10/2025 1:30,11.99343832
1/10/2025 1:40,10.31616656
1/10/2025 1:50,8.381393204
1/10/2025 2:00,6.273391502
1/10/2025 2:10,5.832127403
1/10/2025 2:20,8.741505285
1/10/2025 2:30,9.54639285
1/10/2025 2:40,8.225331631
1/10/2025 2:50,6.678761439
1/10/2025 3:00,6.017840675
1/10/2025 3:10,6.039689296
1/10/2025 3:20,6.997907356
1/10/2025 3:30,7.27101511
1/10/2025 3:40,6.285486274
1/10/2025 3:50,5.417003618
1/10/2025 4:00,5.591402426
1/10/2025 4:10,5.561750727
1/10/2025 4:20,3.701106618
1/10/2025 4:30,3.077250479
1/10/2025 4:40,3.527878272
1/10/2025 4:50,4.272682131
1/10/2025 5:00,5.944101582
1/10/2025 5:10,5.901184649
1/10/2025 5:20,3.011704618
1/10/2025 5:30,2.548085736
1/10/2025 5:40,3.401078244
1/10/2025 5:50,5.831737249
1/10/2025 6:00,8.059516209
1/10/2025 6:10,6.367028446
1/10/2025 6:20,2.29124943
1/10/2025 6:30,3.384301624
1/10/2025 6:40,9.41452082
1/10/2025 6:50,16.88206711
1/10/2025 7:00,23.65943108
1/10/2025 7:10,18.99045896
1/10/2025 7:20,8.69039512
1/10/2025 7:30,8.374760587
1/10/2025 7:40,14.33085054
1/10/2025 7:50,20.22178478
1/10/2025 8:00,23.28449315
1/10/2025 8:10,21.6224374
1/10/2025 8:20,17.62374973
1/10/2025 8:30,17.41618784
1/10/2025 8:40,17.25427396
1/10/2025 8:50,15.62616159
1/10/2025 9:00,16.17900972
1/10/2025 9:10,16.09863801
1/10/2025 9:20,14.68979215
1/10/2025 9:30,13.90948429
1/10/2025 9:40,12.87206498
1/10/2025 9:50,10.82492729
1/10/2025 10:00,9.025147194
1/10/2025 10:10,9.203447542
1/10/2025 10:20,12.23845499
1/10/2025 10:30,13.40735618
1/10/2025 10:40,13.36170816
1/10/2025 10:50,12.16588636
1/10/2025 11:00,9.618961481
1/10/2025 11:10,8.567886784
1/10/2025 11:20,10.53504292
1/10/2025 11:30,12.58881322
1/10/2025 11:40,13.5536639
1/10/2025 11:50,13.7069944
1/10/2025 12:00,12.46474427
1/10/2025 12:10,13.36287863
1/10/2025 12:20,16.29995744
1/10/2025 12:30,16.9803859
1/10/2025 12:40,14.6648223
1/10/2025 12:50,10.85301837
1/10/2025 13:00,8.724338512
1/10/2025 13:10,9.059480741
1/10/2025 13:20,13.22281336
1/10/2025 13:30,17.26753919
1/10/2025 13:40,18.89604171
1/10/2025 13:50,19.22611194
1/10/2025 14:00,17.76771654
1/10/2025 14:10,15.50326311
1/10/2025 14:20,13.78307441
1/10/2025 14:30,14.02106831
1/10/2025 14:40,13.95747322
1/10/2025 14:50,12.38476272
1/10/2025 15:00,9.962687097
1/10/2025 15:10,6.348301057
1/10/2025 15:20,5.038944456
1/10/2025 15:30,6.697878981
1/10/2025 15:40,9.496453146
1/10/2025 15:50,11.9614457
1/10/2025 16:00,12.86114067
1/10/2025 16:10,11.7191601
1/10/2025 16:20,9.01383273
1/10/2025 16:30,10.35089026
1/10/2025 16:40,12.44055473
1/10/2025 16:50,14.87667589
1/10/2025 17:00,16.08732354
1/10/2025 17:10,13.55600482
1/10/2025 17:20,8.862453004
1/10/2025 17:30,8.468787685
1/10/2025 17:40,11.2025963
1/10/2025 17:50,16.22036604
1/10/2025 18:00,21.42658012
1/10/2025 18:10,21.93729162
1/10/2025 18:20,18.21483294
1/10/2025 18:30,17.54025679
1/10/2025 18:40,18.8250337
1/10/2025 18:50,20.14570476
1/10/2025 19:00,20.11800383
1/10/2025 19:10,20.56941193
1/10/2025 19:20,21.89164361
1/10/2025 19:30,21.35947365
1/10/2025 19:40,19.07590267
1/10/2025 19:50,16.39281407
1/10/2025 20:00,14.3175853
1/10/2025 20:10,13.42257218
1/10/2025 20:20,15.32964461
1/10/2025 20:30,15.01908207
1/10/2025 20:40,12.80222742
1/10/2025 20:50,10.25803362
1/10/2025 21:00,9.195644463
1/10/2025 21:10,10.08909697
1/10/2025 21:20,13.20057459
1/10/2025 21:30,14.72958786
1/10/2025 21:40,14.20248989
1/10/2025 21:50,11.11949351
1/10/2025 22:00,7.772753068
1/10/2025 22:10,7.262041569
1/10/2025 22:20,12.0308931
1/10/2025 22:30,15.75647301
1/10/2025 22:40,14.86380081
1/10/2025 22:50,11.6243527
1/10/2025 23:00,9.12190537
1/10/2025 23:10,8.995495495
1/10/2025 23:20,13.67773285
1/10/2025 23:30,14.26530467
1/10/2025 23:40,12.24079591
1/10/2025 23:50,9.729375044
1/11/2025 0:00,7.485599773
1/11/2025 0:10,7.940519259
1/11/2025 0:20,14.669114
1/11/2025 0:30,16.89377172
1/11/2025 0:40,16.00539122
1/11/2025 0:50,14.49081365
1/11/2025 1:00,11.65829609
1/11/2025 1:10,11.86390721
1/11/2025 1:20,15.30389445
1/11/2025 1:30,14.40927148
1/11/2025 1:40,12.39139533
1/11/2025 1:50,9.409448819
1/11/2025 2:00,6.106795772
1/11/2025 2:10,4.549691424
1/11/2025 2:20,7.429027453
1/11/2025 2:30,7.606157338
1/11/2025 2:40,5.3011279
1/11/2025 2:50,3.838050649
1/11/2025 3:00,3.507590267
1/11/2025 3:10,3.571965666
1/11/2025 3:20,6.463396467
1/11/2025 3:30,7.390402213
1/11/2025 3:40,7.049017521
1/11/2025 3:50,6.233595801
1/11/2025 4:00,5.043626303
1/11/2025 4:10,3.397957012
1/11/2025 4:20,2.37633871
1/11/2025 4:30,1.722876567
1/11/2025 4:40,1.173521353
1/11/2025 4:50,1
1/11/2025 5:00,1
1/11/2025 5:10,1
1/11/2025 5:20,1
1/11/2025 5:30,1.055886404
1/11/2025 5:40,1.209203954
1/11/2025 5:50,1.605829792
1/11/2025 6:00,1.831884953
1/11/2025 6:10,1.707780081
1/11/2025 6:20,2.165968209
1/11/2025 6:30,3.927786054
1/11/2025 6:40,5.877775413
1/11/2025 6:50,7.85429524
1/11/2025 7:00,9.060651202
1/11/2025 7:10,8.856990849
1/11/2025 7:20,12.49010428
1/11/2025 7:30,13.98205292
1/11/2025 7:40,14.95431652
1/11/2025 7:50,17.53245371
1/11/2025 8:00,19.33418458
1/11/2025 8:10,15.20713627
1/11/2025 8:20,9.56824147
1/11/2025 8:30,8.268638717
1/11/2025 8:40,9.625984252
1/11/2025 8:50,10.69266511
1/11/2025 9:00,12.37422856
1/11/2025 9:10,13.19316167
1/11/2025 9:20,13.82247996
1/11/2025 9:30,13.56224729
1/11/2025 9:40,12.8888416
1/11/2025 9:50,12.25093992
1/11/2025 10:00,11.62591331
1/11/2025 10:10,11.63020501
1/11/2025 10:20,14.09831879
1/11/2025 10:30,13.90753352
1/11/2025 10:40,11.53578776
1/11/2025 10:50,9.474604526
1/11/2025 11:00,8.366567355
1/11/2025 11:10,8.506242463
1/11/2025 11:20,9.729375044
1/11/2025 11:30,10.32474995
1/11/2025 11:40,10.88852238
1/11/2025 11:50,11.86468752
1/11/2025 12:00,11.90409307
1/11/2025 12:10,12.50102859
1/11/2025 12:20,14.29027453
1/11/2025 12:30,13.35390509
1/11/2025 12:40,11.89902107
1/11/2025 12:50,10.23033269
1/11/2025 13:00,8.148471306
1/11/2025 13:10,7.696673051
1/11/2025 13:20,11.82020997
1/11/2025 13:30,12.91459176
1/11/2025 13:40,11.98641555
1/11/2025 13:50,11.02585657
1/11/2025 14:00,9.389160814
1/11/2025 14:10,9.593601475
1/11/2025 14:20,11.64347024
1/11/2025 14:30,12.32194793
1/11/2025 14:40,13.0183727
1/11/2025 14:50,15.25239413
1/11/2025 15:00,17.09157977
1/11/2025 15:10,15.32574307
1/11/2025 15:20,11.77027027
1/11/2025 15:30,11.28647939
1/11/2025 15:40,12.75228772
1/11/2025 15:50,16.34170391
1/11/2025 16:00,20.20969
1/11/2025 16:10,18.87887494
1/11/2025 16:20,14.26140314
1/11/2025 16:30,13.80804426
1/11/2025 16:40,16.32882883
1/11/2025 16:50,21.68408172
1/11/2025 17:00,26.92150812
1/11/2025 17:10,22.52291268
1/11/2025 17:20,13.04607363
1/11/2025 17:30,12.10112081
1/11/2025 17:40,15.74281762
1/11/2025 17:50,20.20578847
1/11/2025 18:00,24.31527985
1/11/2025 18:10,20.19408385
1/11/2025 18:20,11.79367951
1/11/2025 18:30,9.235440165
1/11/2025 18:40,9.452365752
1/11/2025 18:50,9.93225509
1/11/2025 19:00,10.02121019
1/11/2025 19:10,10.568206
1/11/2025 19:20,11.80928566
1/11/2025 19:30,10.69305526
1/11/2025 19:40,8.784422217
1/11/2025 19:50,6.500851245
1/11/2025 20:00,4.398311698
1/11/2025 20:10,4.62069944
1/11/2025 20:20,9.716499965
1/11/2025 20:30,10.28690502
1/11/2025 20:40,8.958821026
1/11/2025 20:50,7.126268
1/11/2025 21:00,5.100978932
1/11/2025 21:10,5.055721075
1/11/2025 21:20,9.046995815
1/11/2025 21:30,7.770412144
1/11/2025 21:40,4.639036674
1/11/2025 21:50,2.853936605
1/11/2025 22:00,2.076957764
1/11/2025 22:10,1.726013499
1/11/2025 22:20,4.778711783
1/11/2025 22:30,7.487550543
1/11/2025 22:40,7.053309215
1/11/2025 22:50,5.973363127
1/11/2025 23:00,3.642973682
1/11/2025 23:10,3.115875718
1/11/2025 23:20,10.76172235
1/11/2025 23:30,13.41867064
1/11/2025 23:40,12.63992339
1/11/2025 23:50,10.92636731
1/12/2025 0:00,8.19450947
1/12/2025 0:10,6.71855714
1/12/2025 0:20,9.282258637
1/12/2025 0:30,10.72738881
1/12/2025 0:40,9.26470171
1/12/2025 0:50,7.184010782
1/12/2025 1:00,5.87153295
1/12/2025 1:10,5.846563099
1/12/2025 1:20,8.269809179
1/12/2025 1:30,8.324820884
1/12/2025 1:40,6.750939916
1/12/2025 1:50,5.248066965
1/12/2025 2:00,3.642973682
1/12/2025 2:10,2.887854682
1/12/2025 2:20,3.999574378
1/12/2025 2:30,3.478718876
1/12/2025 2:40,2.480837757
1/12/2025 2:50,2.158517996
1/12/2025 3:00,2.070487842
1/12/2025 3:10,1.91619
1/12/2025 3:20,1.701702276
1/12/2025 3:30,1.607986433
1/12/2025 3:40,1.595830821
1/12/2025 3:50,1.446238377
1/12/2025 4:00,1.285470613
1/12/2025 4:10,1.413104533
1/12/2025 4:20,1.834629769
1/12/2025 4:30,1.912072777
1/12/2025 4:40,1.786203381
1/12/2025 4:50,1.717582994
1/12/2025 5:00,1.826199264
1/12/2025 5:10,1.99343695
1/12/2025 5:20,1.996377824
1/12/2025 5:30,2.110091608
1/12/2025 5:40,2.240470344
1/12/2025 5:50,2.676699948
1/12/2025 6:00,3.896573739
1/12/2025 6:10,4.185677804
1/12/2025 6:20,3.048379088
1/12/2025 6:30,2.766886742
1/12/2025 6:40,2.933340195
1/12/2025 6:50,3.921543591
1/12/2025 7:00,5.011633681
1/12/2025 7:10,6.256224729
1/12/2025 7:20,7.410690218
1/12/2025 7:30,8.653330496
1/12/2025 7:40,10.25023055
1/12/2025 7:50,12.25093992
1/12/2025 8:00,13.9754203
1/12/2025 8:10,13.98439384
1/12/2025 8:20,11.63371639
1/12/2025 8:30,12.21816699
1/12/2025 8:40,13.88295382
1/12/2025 8:50,15.21689012
1/12/2025 9:00,16.3807193
1/12/2025 9:10,15.92579982
1/12/2025 9:20,14.31407392
1/12/2025 9:30,13.45027311
1/12/2025 9:40,12.82719728
1/12/2025 9:50,12.21426545
1/12/2025 10:00,11.71213733
1/12/2025 10:10,12.47020643
1/12/2025 10:20,14.99138114
1/12/2025 10:30,12.28878485
1/12/2025 10:40,8.479711995
1/12/2025 10:50,6.175072711
1/12/2025 11:00,5.086153082
1/12/2025 11:10,4.690927148
1/12/2025 11:20,6.410335532
1/12/2025 11:30,6.860573172
1/12/2025 11:40,6.989714124
1/12/2025 11:50,7.815279847
1/12/2025 12:00,7.299106193
1/12/2025 12:10,6.613995886
1/12/2025 12:20,7.564020714
1/12/2025 12:30,8.627580336
1/12/2025 12:40,8.139107612
1/12/2025 12:50,6.516847556
1/12/2025 13:00,5.243385117
1/12/2025 13:10,3.73700078
1/12/2025 13:20,3.945342981
1/12/2025 13:30,3.731538625
1/12/2025 13:40,3.015216003
1/12/2025 13:50,2.870993672
1/12/2025 14:00,2.711402258
1/12/2025 14:10,2.119110288
1/12/2025 14:20,1.183520324
1/12/2025 14:30,1
1/12/2025 14:40,1
1/12/2025 14:50,1.027457958
1/12/2025 15:00,1.201753741
1/12/2025 15:10,1.254297352
1/12/2025 15:20,1
1/12/2025 15:30,1
1/12/2025 15:40,1.377029816
1/12/2025 15:50,2.32712809
1/12/2025 16:00,5.189934029
1/12/2025 16:10,9.280698021
1/12/2025 16:20,11.68170533
1/12/2025 16:30,14.1041711
1/12/2025 16:40,16.65265659
1/12/2025 16:50,21.69578634
1/12/2025 17:00,27.70025537
1/12/2025 17:10,22.38284741
1/12/2025 17:20,11.32627509
1/12/2025 17:30,10.92909839
1/12/2025 17:40,14.92115344
1/12/2025 17:50,19.3111655
1/12/2025 18:00,23.87674683
1/12/2025 18:10,19.49648861
1/12/2025 18:20,10.95367809
1/12/2025 18:30,9.029438888
1/12/2025 18:40,9.754344896
1/12/2025 18:50,11.38401788
1/12/2025 19:00,11.83113428
1/12/2025 19:10,11.70238349
1/12/2025 19:20,13.12332411
1/12/2025 19:30,12.19397744
1/12/2025 19:40,9.524154075
1/12/2025 19:50,6.296800738
1/12/2025 20:00,3.50290842
1/12/2025 20:10,2.890795555
1/12/2025 20:20,7.336951124
1/12/2025 20:30,8.003334043
1/12/2025 20:40,5.832517557
1/12/2025 20:50,3.828296801
1/12/2025 21:00,2.330657138
1/12/2025 21:10,1.960695223
1/12/2025 21:20,6.021352061
1/12/2025 21:30,7.192594169
1/12/2025 21:40,5.055330921
1/12/2025 21:50,3.065545861
1/12/2025 22:00,2.303208983
1/12/2025 22:10,2.239882169
1/12/2025 22:20,6.320990282
1/12/2025 22:30,7.562069944
1/12/2025 22:40,5.650705824
1/12/2025 22:50,3.444775484
1/12/2025 23:00,2.033824949
1/12/2025 23:10,1.588576666
1/12/2025 23:20,5.994431439
1/12/2025 23:30,7.490671774
1/12/2025 23:40,5.338972831
1/12/2025 23:50,2.713558898
