Datetime,Discharge,Corresponding_known_discharge
1/6/2025 0:00,1.597203229,2.0
1/6/2025 0:10,2.260468285,2.0
1/6/2025 0:20,11.27516493,10.6
1/6/2025 0:30,13.44403064,13.4
1/6/2025 0:40,11.49950344,12.0
1/6/2025 0:50,9.056749663,9.0
1/6/2025 1:00,7.487550543,7.4
1/6/2025 1:10,7.236681563,7.4
1/6/2025 1:20,8.678300348,9.0
1/6/2025 1:30,8.433283677,9.0
1/6/2025 1:40,7.399765908,7.4
1/6/2025 1:50,6.321380436,5.5
1/6/2025 2:00,5.144286018,5.5
1/6/2025 2:10,4.839185642,4.2
1/6/2025 2:20,7.044335674,7.4
1/6/2025 2:30,7.270234802,7.4
1/6/2025 2:40,6.125133007,5.5
1/6/2025 2:50,4.7853444,4.2
1/6/2025 3:00,3.827906647,4.2
1/6/2025 3:10,4.001525147,4.2
1/6/2025 3:20,5.775164929,5.5
1/6/2025 3:30,6.327232745,5.5
1/6/2025 3:40,5.804816628,5.5
1/6/2025 3:50,5.595694119,5.5
1/6/2025 4:00,5.477867631,5.5
1/6/2025 4:10,5.396325459,5.5
1/6/2025 4:20,5.406469462,5.5
1/6/2025 4:30,5.830566787,5.5
1/6/2025 4:40,7.992019579,7.4
1/6/2025 4:50,9.578385472,9.0
1/6/2025 5:00,10.5182663,10.6
1/6/2025 5:10,9.666560261,9.0
1/6/2025 5:20,7.631907498,7.4
1/6/2025 5:30,8.999397035,9.0
1/6/2025 5:40,12.00202171,12.0
1/6/2025 5:50,16.43924239,15.3
1/6/2025 6:00,23.21504575,18.8
1/6/2025 6:10,20.3723842,18.8
1/6/2025 6:20,11.16943321,10.6
1/6/2025 6:30,10.45584167,10.6
1/6/2025 6:40,14.69330354,15.3
1/6/2025 6:50,22.36216926,18.8
1/6/2025 7:00,30.20231255,29.2
1/6/2025 7:10,24.56341775,29.2
1/6/2025 7:20,12.67854863,12.0
1/6/2025 7:30,9.728204583,9.0
1/6/2025 7:40,12.57944953,12.0
1/6/2025 7:50,18.16684401,18.8
1/6/2025 8:00,21.45623182,18.8
1/6/2025 8:10,19.35564304,18.8
1/6/2025 8:20,14.75494786,15.3
1/6/2025 8:30,14.42721856,15.3
1/6/2025 8:40,14.56338228,15.3
1/6/2025 8:50,13.44090941,13.4
1/6/2025 9:00,13.32737462,13.4
1/6/2025 9:10,12.15652266,12.0
1/6/2025 9:20,10.13591544,10.6
1/6/2025 9:30,8.86206285,9.0
1/6/2025 9:40,8.618606796,9.0
1/6/2025 9:50,8.642016032,9.0
1/6/2025 10:00,9.261190324,9.0
1/6/2025 10:10,11.08281904,10.6
1/6/2025 10:20,14.90398666,15.3
1/6/2025 10:30,15.9733986,15.3
1/6/2025 10:40,15.04756331,15.3
1/6/2025 10:50,12.62899908,12.0
1/6/2025 11:00,10.15314724,10.6
1/6/2025 11:10,8.659182805,9.0
1/6/2025 11:20,8.392902745,9.0
1/6/2025 11:30,8.375670947,9.0
1/6/2025 11:40,9.083475207,9.0
1/6/2025 11:50,10.78292072,10.6
1/6/2025 12:00,11.40098957,12.0
1/6/2025 12:10,11.12950746,10.6
1/6/2025 12:20,13.15180535,13.4
1/6/2025 12:30,11.41529522,12.0
1/6/2025 12:40,8.065823698,7.4
1/6/2025 12:50,5.37701284,5.5
1/6/2025 13:00,4.241014637,4.2
1/6/2025 13:10,3.648305786,4.2
1/6/2025 13:20,4.586625996,4.2
1/6/2025 13:30,5.887789364,5.5
1/6/2025 13:40,6.887558819,7.4
1/6/2025 13:50,7.421744579,7.4
1/6/2025 14:00,7.73874465,7.4
1/6/2025 14:10,9.066568537,9.0
1/6/2025 14:20,10.41194935,10.6
1/6/2025 14:30,10.87330638,10.6
1/6/2025 14:40,10.83201509,10.6
1/6/2025 14:50,10.9471105,10.6
1/6/2025 15:00,12.39978364,12.0
1/6/2025 15:10,12.50577546,12.0
1/6/2025 15:20,11.0966695,10.6
1/6/2025 15:30,11.257608,10.6
1/6/2025 15:40,12.28143695,12.0
1/6/2025 15:50,13.1742392,13.4
1/6/2025 16:00,13.4444208,13.4
1/6/2025 16:10,12.43977442,12.0
1/6/2025 16:20,11.1311331,10.6
1/6/2025 16:30,10.27279445,10.6
1/6/2025 16:40,9.976602587,10.6
1/6/2025 16:50,10.29035137,10.6
1/6/2025 17:00,10.65319453,10.6
1/6/2025 17:10,9.378366556,9.0
1/6/2025 17:20,6.650215176,7.4
1/6/2025 17:30,7.015334232,7.4
1/6/2025 17:40,9.241162422,9.0
1/6/2025 17:50,11.96346149,12.0
1/6/2025 18:00,15.35715046,15.3
1/6/2025 18:10,16.11665011,15.3
1/6/2025 18:20,15.37763354,15.3
1/6/2025 18:30,16.15306448,15.3
1/6/2025 18:40,17.19445036,18.8
1/6/2025 18:50,18.12301672,18.8
1/6/2025 19:00,17.7962628,18.8
1/6/2025 19:10,17.26500319,18.8
1/6/2025 19:20,17.43146887,18.8
1/6/2025 19:30,15.35129815,15.3
1/6/2025 19:40,12.70637961,13.4
1/6/2025 19:50,10.13136365,10.6
1/6/2025 20:00,8.540510983,9.0
1/6/2025 20:10,10.20224161,10.6
1/6/2025 20:20,15.64456386,15.3
1/6/2025 20:30,16.1498132,15.3
1/6/2025 20:40,14.7517616,15.3
1/6/2025 20:50,12.70345345,13.4
1/6/2025 21:00,10.07869287,10.6
1/6/2025 21:10,9.189141898,9.0
1/6/2025 21:20,12.07660613,12.0
1/6/2025 21:30,12.41051288,12.0
1/6/2025 21:40,10.78096995,10.6
1/6/2025 21:50,8.909856707,9.0
1/6/2025 22:00,8.148081152,7.4
1/6/2025 22:10,8.743716157,9.0
1/6/2025 22:20,11.70465938,12.0
1/6/2025 22:30,13.82709678,13.4
1/6/2025 22:40,12.72523705,13.4
1/6/2025 22:50,9.240837294,9.0
1/6/2025 23:00,5.934282708,5.5
1/6/2025 23:10,4.309616703,4.2
1/6/2025 23:20,6.814730084,7.4
1/6/2025 23:30,7.266333262,7.4
1/6/2025 23:40,5.31653898,5.5
1/6/2025 23:50,3.535486274,3.0
1/7/2025 0:00,2.874686103,3.0
1/7/2025 0:10,4.033257667,4.2
1/7/2025 0:20,8.729410513,9.0
1/7/2025 0:30,10.36968267,10.6
1/7/2025 0:40,9.738283559,9.0
1/7/2025 0:50,9.684312265,9.0
1/7/2025 1:00,8.721607434,9.0
1/7/2025 1:10,7.116449126,7.4
1/7/2025 1:20,7.765730297,7.4
1/7/2025 1:30,7.678921047,7.4
1/7/2025 1:40,6.341343312,5.5
1/7/2025 1:50,4.598980871,4.2
1/7/2025 2:00,2.804268515,3.0
1/7/2025 2:10,2.568508471,3.0
1/7/2025 2:20,4.746914237,4.2
1/7/2025 2:30,5.487231326,5.5
1/7/2025 2:40,5.402697974,5.5
1/7/2025 2:50,3.429169327,3.0
1/7/2025 3:00,2.138487378,2.0
1/7/2025 3:10,1.581681951,2.0
1/7/2025 3:20,2.238803849,2.0
1/7/2025 3:30,2.938568415,3.0
1/7/2025 3:40,3.278634934,3.0
1/7/2025 3:50,2.892821491,3.0
1/7/2025 4:00,2.641540168,3.0
1/7/2025 4:10,2.49694721,2.0
1/7/2025 4:20,2.622914635,3.0
1/7/2025 4:30,2.72535507,3.0
1/7/2025 4:40,2.691861785,3.0
1/7/2025 4:50,2.994118253,3.0
1/7/2025 5:00,4.211753092,4.2
1/7/2025 5:10,5.420254901,5.5
1/7/2025 5:20,4.611660873,4.2
1/7/2025 5:30,5.820162682,5.5
1/7/2025 5:40,9.520447613,9.0
1/7/2025 5:50,13.21715613,13.4
1/7/2025 6:00,15.86044903,15.3
1/7/2025 6:10,13.67916342,13.4
1/7/2025 6:20,7.581382564,7.4
1/7/2025 6:30,7.77093235,7.4
1/7/2025 6:40,11.95370764,12.0
1/7/2025 6:50,17.79821357,18.8
1/7/2025 7:00,24.85902438,29.2
1/7/2025 7:10,20.61024804,18.8
1/7/2025 7:20,10.9425587,10.6
1/7/2025 7:30,9.485658887,9.0
1/7/2025 7:40,13.26169871,13.4
1/7/2025 7:50,18.69719326,18.8
1/7/2025 8:00,20.82385732,18.8
1/7/2025 8:10,18.05994183,18.8
1/7/2025 8:20,14.29398099,13.4
1/7/2025 8:30,14.74038211,15.3
1/7/2025 8:40,16.05032395,15.3
1/7/2025 8:50,16.69212717,15.3
1/7/2025 9:00,15.5668582,15.3
1/7/2025 9:10,13.92203424,13.4
1/7/2025 9:20,13.91683219,13.4
1/7/2025 9:30,14.81028469,15.3
1/7/2025 9:40,14.93155754,15.3
1/7/2025 9:50,14.63406517,15.3
1/7/2025 10:00,14.53685181,15.3
1/7/2025 10:10,15.50313305,15.3
1/7/2025 10:20,16.57670663,15.3
1/7/2025 10:30,14.78947648,15.3
1/7/2025 10:40,12.26843182,12.0
1/7/2025 10:50,10.2308529,10.6
1/7/2025 11:00,8.728760256,9.0
1/7/2025 11:10,8.546363292,9.0
1/7/2025 11:20,10.10307749,10.6
1/7/2025 11:30,10.68213095,10.6
1/7/2025 11:40,11.3714029,12.0
1/7/2025 11:50,12.70442884,13.4
1/7/2025 12:00,12.56072214,12.0
1/7/2025 12:10,15.27781916,15.3
1/7/2025 12:20,19.75906221,18.8
1/7/2025 12:30,16.50225225,15.3
1/7/2025 12:40,12.55064316,12.0
1/7/2025 12:50,10.81998534,10.6
1/7/2025 13:00,9.610833274,9.0
1/7/2025 13:10,8.852309002,9.0
1/7/2025 13:20,10.90549408,10.6
1/7/2025 13:30,11.67507271,12.0
1/7/2025 13:40,10.6080017,10.6
1/7/2025 13:50,10.84241919,10.6
1/7/2025 14:00,11.60614552,12.0
1/7/2025 14:10,11.1057731,10.6
1/7/2025 14:20,10.93963255,10.6
1/7/2025 14:30,12.39490672,12.0
1/7/2025 14:40,13.20154998,13.4
1/7/2025 14:50,13.12124329,13.4
1/7/2025 15:00,13.3433059,13.4
1/7/2025 15:10,13.49611619,13.4
1/7/2025 15:20,12.80326783,13.4
1/7/2025 15:30,11.78756709,12.0
1/7/2025 15:40,11.59801731,12.0
1/7/2025 15:50,12.91933863,13.4
1/7/2025 16:00,13.89634911,13.4
1/7/2025 16:10,13.03898584,13.4
1/7/2025 16:20,10.36252985,10.6
1/7/2025 16:30,9.005444421,9.0
1/7/2025 16:40,9.511018893,9.0
1/7/2025 16:50,10.84306945,10.6
1/7/2025 17:00,12.10391691,12.0
1/7/2025 17:10,12.87219503,13.4
1/7/2025 17:20,14.25561585,13.4
1/7/2025 17:30,18.14707621,18.8
1/7/2025 17:40,20.74810243,18.8
1/7/2025 17:50,23.68661181,18.8
1/7/2025 18:00,28.37691235,29.2
1/7/2025 18:10,29.37765718,29.2
1/7/2025 18:20,30.21063583,29.2
1/7/2025 18:30,32.65560048,29.2
1/7/2025 18:40,35.0,29.2
1/7/2025 18:50,35.0,29.2
1/7/2025 19:00,35.0,29.2
1/7/2025 19:10,32.74956255,29.2
1/7/2025 19:20,28.08982408,29.2
1/7/2025 19:30,23.46910099,18.8
1/7/2025 19:40,19.80327966,18.8
1/7/2025 19:50,16.51070559,15.3
1/7/2025 20:00,13.85278192,13.4
1/7/2025 20:10,13.79328344,13.4
1/7/2025 20:20,16.42519685,15.3
1/7/2025 20:30,15.91084391,15.3
1/7/2025 20:40,14.49978719,15.3
1/7/2025 20:50,12.28598874,12.0
1/7/2025 21:00,10.78292072,10.6
1/7/2025 21:10,12.32955593,12.0
1/7/2025 21:20,16.77893642,15.3
1/7/2025 21:30,18.30801471,18.8
1/7/2025 21:40,17.10471495,18.8
1/7/2025 21:50,14.39899742,15.3
1/7/2025 22:00,11.82398146,12.0
1/7/2025 22:10,12.49049443,12.0
1/7/2025 22:20,16.38227992,15.3
1/7/2025 22:30,16.05715164,15.3
1/7/2025 22:40,13.67981367,13.4
1/7/2025 22:50,9.720726632,9.0
1/7/2025 23:00,6.95908704,7.4
1/7/2025 23:10,7.783612353,7.4
1/7/2025 23:20,11.63345629,12.0
1/7/2025 23:30,10.63303658,10.6
1/7/2025 23:40,8.544087394,9.0
1/7/2025 23:50,7.192854272,7.4
1/8/2025 0:00,5.593873401,5.5
1/8/2025 0:10,6.549100281,7.4
1/8/2025 0:20,14.13174198,13.4
1/8/2025 0:30,16.18167577,15.3
1/8/2025 0:40,15.57336076,15.3
1/8/2025 0:50,14.1688066,13.4
1/8/2025 1:00,12.12635076,12.0
1/8/2025 1:10,11.89095789,12.0
1/8/2025 1:20,13.89309782,13.4
1/8/2025 1:30,14.13856967,13.4
1/8/2025 1:40,12.56852522,12.0
1/8/2025 1:50,10.00261285,10.6
1/8/2025 2:00,7.706231822,7.4
1/8/2025 2:10,6.863174198,7.4
1/8/2025 2:20,8.736238207,9.0
1/8/2025 2:30,8.204653472,9.0
1/8/2025 2:40,6.640136199,7.4
1/8/2025 2:50,5.071717387,5.5
1/8/2025 3:00,3.448677023,3.0
1/8/2025 3:10,2.991340761,3.0
1/8/2025 3:20,5.723599584,5.5
1/8/2025 3:30,6.288672531,5.5
1/8/2025 3:40,5.410826181,5.5
1/8/2025 3:50,4.811614764,4.2
1/8/2025 4:00,4.208826937,4.2
1/8/2025 4:10,3.112819512,3.0
1/8/2025 4:20,2.208578202,2.0
1/8/2025 4:30,1.748821608,2.0
1/8/2025 4:40,1.68967737,2.0
1/8/2025 4:50,1.886062382,2.0
1/8/2025 5:00,2.641213405,3.0
1/8/2025 5:10,4.106086401,4.2
1/8/2025 5:20,3.534185761,3.0
1/8/2025 5:30,3.977660732,4.2
1/8/2025 5:40,5.654997517,5.5
1/8/2025 5:50,8.41663711,9.0
1/8/2025 6:00,10.81348277,10.6
1/8/2025 6:10,10.79364995,10.6
1/8/2025 6:20,6.729546476,7.4
1/8/2025 6:30,7.659088222,7.4
1/8/2025 6:40,13.31827103,13.4
1/8/2025 6:50,19.41084983,18.8
1/8/2025 7:00,22.73593672,18.8
1/8/2025 7:10,17.86616538,18.8
1/8/2025 7:20,9.048036225,9.0
1/8/2025 7:30,9.097455723,9.0
1/8/2025 7:40,14.43541179,15.3
1/8/2025 7:50,19.97299662,18.8
1/8/2025 8:00,22.68651723,18.8
1/8/2025 8:10,22.92789246,18.8
1/8/2025 8:20,18.3092502,18.8
1/8/2025 8:30,16.405299,15.3
1/8/2025 8:40,16.84890402,15.3
1/8/2025 8:50,18.02131659,18.8
1/8/2025 9:00,18.17893878,18.8
1/8/2025 9:10,16.8660708,15.3
1/8/2025 9:20,14.15996311,13.4
1/8/2025 9:30,12.9438533,13.4
1/8/2025 9:40,13.47524296,13.4
1/8/2025 9:50,13.13736965,13.4
1/8/2025 10:00,11.65088317,12.0
1/8/2025 10:10,11.70121302,12.0
1/8/2025 10:20,13.71479747,13.4
1/8/2025 10:30,12.76711357,13.4
1/8/2025 10:40,11.61654962,12.0
1/8/2025 10:50,9.988047102,10.6
1/8/2025 11:00,8.362275661,9.0
1/8/2025 11:10,6.531673406,7.4
1/8/2025 11:20,4.249272895,4.2
1/8/2025 11:30,4.341349223,4.2
1/8/2025 11:40,5.996382209,5.5
1/8/2025 11:50,7.295984961,7.4
1/8/2025 12:00,7.272185571,7.4
1/8/2025 12:10,10.70475988,10.6
1/8/2025 12:20,20.20695893,18.8
1/8/2025 12:30,17.90309995,18.8
1/8/2025 12:40,12.72107541,13.4
1/8/2025 12:50,9.062992126,9.0
1/8/2025 13:00,8.480882457,9.0
1/8/2025 13:10,10.57210754,10.6
1/8/2025 13:20,18.16723416,18.8
1/8/2025 13:30,20.22607647,18.8
1/8/2025 13:40,20.32790665,18.8
1/8/2025 13:50,21.56976662,18.8
1/8/2025 14:00,21.38990565,18.8
1/8/2025 14:10,19.94516564,18.8
1/8/2025 14:20,18.9350571,18.8
1/8/2025 14:30,18.10519969,18.8
1/8/2025 14:40,17.6206285,18.8
1/8/2025 14:50,17.41384692,18.8
1/8/2025 15:00,15.01244946,15.3
1/8/2025 15:10,12.52287721,12.0
1/8/2025 15:20,11.00361779,10.6
1/8/2025 15:30,10.17922253,10.6
1/8/2025 15:40,11.31105909,12.0
1/8/2025 15:50,14.3819607,15.3
1/8/2025 16:00,15.65308222,15.3
1/8/2025 16:10,19.6786905,18.8
1/8/2025 16:20,21.93299993,18.8
1/8/2025 16:30,25.11392495,29.2
1/8/2025 16:40,29.05330921,29.2
1/8/2025 16:50,31.07820813,29.2
1/8/2025 17:00,29.25814003,29.2
1/8/2025 17:10,20.33102788,18.8
1/8/2025 17:20,10.62399801,10.6
1/8/2025 17:30,8.560083706,9.0
1/8/2025 17:40,9.762928283,9.0
1/8/2025 17:50,12.83851174,13.4
1/8/2025 18:00,16.35340853,15.3
1/8/2025 18:10,15.69521884,15.3
1/8/2025 18:20,11.98719586,12.0
1/8/2025 18:30,11.94427892,12.0
1/8/2025 18:40,12.7998865,13.4
1/8/2025 18:50,13.09445272,13.4
1/8/2025 19:00,12.75931049,13.4
1/8/2025 19:10,13.52050082,13.4
1/8/2025 19:20,15.26097751,15.3
1/8/2025 19:30,13.82950273,13.4
1/8/2025 19:40,11.58533731,12.0
1/8/2025 19:50,9.721181812,9.0
1/8/2025 20:00,8.574519401,9.0
1/8/2025 20:10,9.605696247,9.0
1/8/2025 20:20,14.31446407,13.4
1/8/2025 20:30,14.7038377,15.3
1/8/2025 20:40,12.88025821,13.4
1/8/2025 20:50,10.57717954,10.6
1/8/2025 21:00,8.21635809,9.0
1/8/2025 21:10,7.777044761,7.4
1/8/2025 21:20,10.94587501,10.6
1/8/2025 21:30,11.46751082,12.0
1/8/2025 21:40,10.66457402,10.6
1/8/2025 21:50,8.638114492,9.0
1/8/2025 22:00,6.320209974,5.5
1/8/2025 22:10,6.710363907,7.4
1/8/2025 22:20,12.21348514,12.0
1/8/2025 22:30,12.16276513,12.0
1/8/2025 22:40,9.172625381,9.0
1/8/2025 22:50,5.352628219,5.5
1/8/2025 23:00,3.094807406,3.0
1/8/2025 23:10,5.008512449,5.5
1/8/2025 23:20,13.09172164,13.4
1/8/2025 23:30,15.65386252,15.3
1/8/2025 23:40,13.78892672,13.4
1/8/2025 23:50,10.45662198,10.6
1/9/2025 0:00,7.72827552,7.4
1/9/2025 0:10,10.32084841,10.6
1/9/2025 0:20,18.09739661,18.8
1/9/2025 0:30,17.58824573,18.8
1/9/2025 0:40,15.17358303,15.3
1/9/2025 0:50,13.51308789,13.4
1/9/2025 1:00,11.68716748,12.0
1/9/2025 1:10,9.1546783,9.0
1/9/2025 1:20,9.428956516,9.0
1/9/2025 1:30,9.062601972,9.0
1/9/2025 1:40,7.376746826,7.4
1/9/2025 1:50,5.910548344,5.5
1/9/2025 2:00,4.932432432,5.5
1/9/2025 2:10,5.395545151,5.5
1/9/2025 2:20,9.159750301,9.0
1/9/2025 2:30,10.21784777,10.6
1/9/2025 2:40,9.198375541,9.0
1/9/2025 2:50,7.496524083,7.4
1/9/2025 3:00,4.842306874,4.2
1/9/2025 3:10,2.929811147,3.0
1/9/2025 3:20,2.99215767,3.0
1/9/2025 3:30,2.866092216,3.0
1/9/2025 3:40,2.595531833,3.0
1/9/2025 3:50,2.447507855,2.0
1/9/2025 4:00,2.214786713,2.0
1/9/2025 4:10,1.837374584,2.0
1/9/2025 4:20,1.165286907,1.0
1/9/2025 4:30,1.0,1.0
1/9/2025 4:40,1.0,1.0
1/9/2025 4:50,1.0,1.0
1/9/2025 5:00,1.298018341,1.0
1/9/2025 5:10,1.629748898,2.0
1/9/2025 5:20,1.521524745,2.0
1/9/2025 5:30,2.016571823,2.0
1/9/2025 5:40,2.839232236,3.0
1/9/2025 5:50,4.219231042,4.2
1/9/2025 6:00,6.269489962,5.5
1/9/2025 6:10,6.975668582,7.4
1/9/2025 6:20,2.63160655,3.0
1/9/2025 6:30,1.838158817,2.0
1/9/2025 6:40,3.289884373,3.0
1/9/2025 6:50,9.402426048,9.0
1/9/2025 7:00,15.14276087,15.3
1/9/2025 7:10,14.77757679,15.3
1/9/2025 7:20,9.465240831,9.0
1/9/2025 7:30,9.232318933,9.0
1/9/2025 7:40,13.49475066,13.4
1/9/2025 7:50,18.57065333,18.8
1/9/2025 8:00,22.26463077,18.8
1/9/2025 8:10,24.32152231,29.2
1/9/2025 8:20,24.73820671,29.2
1/9/2025 8:30,26.02610485,29.2
1/9/2025 8:40,25.62073491,29.2
1/9/2025 8:50,24.18535859,29.2
1/9/2025 9:00,24.62935376,29.2
1/9/2025 9:10,24.00705824,29.2
1/9/2025 9:20,23.0207491,18.8
1/9/2025 9:30,22.29896432,18.8
1/9/2025 9:40,21.07544158,18.8
1/9/2025 9:50,19.08409591,18.8
1/9/2025 10:00,17.1785841,18.8
1/9/2025 10:10,14.25438036,13.4
1/9/2025 10:20,15.0815067,15.3
1/9/2025 10:30,17.17234163,18.8
1/9/2025 10:40,15.43459601,15.3
1/9/2025 10:50,13.18769951,13.4
1/9/2025 11:00,10.09846067,10.6
1/9/2025 11:10,7.285840959,7.4
1/9/2025 11:20,5.911718805,5.5
1/9/2025 11:30,6.073632688,5.5
1/9/2025 11:40,7.018195361,7.4
1/9/2025 11:50,7.952614031,7.4
1/9/2025 12:00,8.531992623,9.0
1/9/2025 12:10,12.14403774,12.0
1/9/2025 12:20,22.96495708,18.8
1/9/2025 12:30,21.42697028,18.8
1/9/2025 12:40,17.0751933,18.8
1/9/2025 12:50,15.51106618,15.3
1/9/2025 13:00,13.00393701,13.4
1/9/2025 13:10,12.08278357,12.0
1/9/2025 13:20,15.12520394,15.3
1/9/2025 13:30,18.08686245,18.8
1/9/2025 13:40,18.54763425,18.8
1/9/2025 13:50,17.49694971,18.8
1/9/2025 14:00,14.71086047,15.3
1/9/2025 14:10,12.04962049,12.0
1/9/2025 14:20,10.12538129,10.6
1/9/2025 14:30,8.25303256,9.0
1/9/2025 14:40,7.165673548,7.4
1/9/2025 14:50,7.044335674,7.4
1/9/2025 15:00,6.436085692,5.5
1/9/2025 15:10,5.366283606,5.5
1/9/2025 15:20,6.680712208,7.4
1/9/2025 15:30,7.522664397,7.4
1/9/2025 15:40,8.417287366,9.0
1/9/2025 15:50,11.31300986,12.0
1/9/2025 16:00,14.70578847,15.3
1/9/2025 16:10,14.30900192,13.4
1/9/2025 16:20,11.66375825,12.0
1/9/2025 16:30,11.68950841,12.0
1/9/2025 16:40,13.61647868,13.4
1/9/2025 16:50,15.70536284,15.3
1/9/2025 17:00,18.24721572,18.8
1/9/2025 17:10,16.41583316,15.3
1/9/2025 17:20,12.43119103,12.0
1/9/2025 17:30,14.49198411,15.3
1/9/2025 17:40,19.02674328,18.8
1/9/2025 17:50,24.8213095,29.2
1/9/2025 18:00,31.55770731,29.2
1/9/2025 18:10,28.9577215,29.2
1/9/2025 18:20,22.30520678,18.8
1/9/2025 18:30,21.26739732,18.8
1/9/2025 18:40,21.99893594,18.8
1/9/2025 18:50,22.92750231,18.8
1/9/2025 19:00,23.90288714,18.8
1/9/2025 19:10,23.86972405,18.8
1/9/2025 19:20,23.32741009,18.8
1/9/2025 19:30,20.72079166,18.8
1/9/2025 19:40,17.56951834,18.8
1/9/2025 19:50,14.57196567,15.3
1/9/2025 20:00,12.8642619,13.4
1/9/2025 20:10,15.77988224,15.3
1/9/2025 20:20,22.29272186,18.8
1/9/2025 20:30,20.98375541,18.8
1/9/2025 20:40,17.87930056,18.8
1/9/2025 20:50,14.17634958,13.4
1/9/2025 21:00,10.74143435,10.6
1/9/2025 21:10,11.23536923,10.6
1/9/2025 21:20,15.69521884,15.3
1/9/2025 21:30,14.28949422,13.4
1/9/2025 21:40,10.97630702,10.6
1/9/2025 21:50,7.578846563,7.4
1/9/2025 22:00,5.328438675,5.5
1/9/2025 22:10,4.927360431,5.5
1/9/2025 22:20,7.525395474,7.4
1/9/2025 22:30,8.669326807,9.0
1/9/2025 22:40,8.455522452,9.0
1/9/2025 22:50,6.67095836,7.4
1/9/2025 23:00,4.283996595,4.2
1/9/2025 23:10,3.639462297,4.2
1/9/2025 23:20,8.279563028,9.0
1/9/2025 23:30,9.144534298,9.0
1/9/2025 23:40,6.878130099,7.4
1/9/2025 23:50,3.91452082,4.2
1/10/2025 0:00,2.273604188,2.0
1/10/2025 0:10,1.923640214,2.0
1/10/2025 0:20,8.171100234,7.4
1/10/2025 0:30,10.16556714,10.6
1/10/2025 0:40,8.282294105,9.0
1/10/2025 0:50,6.780981769,7.4
1/10/2025 1:00,5.562140881,5.5
1/10/2025 1:10,6.111867773,5.5
1/10/2025 1:20,10.71568419,10.6
1/10/2025 1:30,11.99343832,12.0
1/10/2025 1:40,10.31616656,10.6
1/10/2025 1:50,8.381393204,9.0
1/10/2025 2:00,6.273391502,5.5
1/10/2025 2:10,5.832127403,5.5
1/10/2025 2:20,8.741505285,9.0
1/10/2025 2:30,9.54639285,9.0
1/10/2025 2:40,8.225331631,9.0
1/10/2025 2:50,6.678761439,7.4
1/10/2025 3:00,6.017840675,5.5
1/10/2025 3:10,6.039689296,5.5
1/10/2025 3:20,6.997907356,7.4
1/10/2025 3:30,7.27101511,7.4
1/10/2025 3:40,6.285486274,5.5
1/10/2025 3:50,5.417003618,5.5
1/10/2025 4:00,5.591402426,5.5
1/10/2025 4:10,5.561750727,5.5
1/10/2025 4:20,3.701106618,4.2
1/10/2025 4:30,3.077250479,3.0
1/10/2025 4:40,3.527878272,3.0
1/10/2025 4:50,4.272682131,4.2
1/10/2025 5:00,5.944101582,5.5
1/10/2025 5:10,5.901184649,5.5
1/10/2025 5:20,3.011704618,3.0
1/10/2025 5:30,2.548085736,3.0
1/10/2025 5:40,3.401078244,3.0
1/10/2025 5:50,5.831737249,5.5
1/10/2025 6:00,8.059516209,7.4
1/10/2025 6:10,6.367028446,5.5
1/10/2025 6:20,2.29124943,2.0
1/10/2025 6:30,3.384301624,3.0
1/10/2025 6:40,9.41452082,9.0
1/10/2025 6:50,16.88206711,15.3
1/10/2025 7:00,23.65943108,18.8
1/10/2025 7:10,18.99045896,18.8
1/10/2025 7:20,8.69039512,9.0
1/10/2025 7:30,8.374760587,9.0
1/10/2025 7:40,14.33085054,13.4
1/10/2025 7:50,20.22178478,18.8
1/10/2025 8:00,23.28449315,18.8
1/10/2025 8:10,21.6224374,18.8
1/10/2025 8:20,17.62374973,18.8
1/10/2025 8:30,17.41618784,18.8
1/10/2025 8:40,17.25427396,18.8
1/10/2025 8:50,15.62616159,15.3
1/10/2025 9:00,16.17900972,15.3
1/10/2025 9:10,16.09863801,15.3
1/10/2025 9:20,14.68979215,15.3
1/10/2025 9:30,13.90948429,13.4
1/10/2025 9:40,12.87206498,13.4
1/10/2025 9:50,10.82492729,10.6
1/10/2025 10:00,9.025147194,9.0
1/10/2025 10:10,9.203447542,9.0
1/10/2025 10:20,12.23845499,12.0
1/10/2025 10:30,13.40735618,13.4
1/10/2025 10:40,13.36170816,13.4
1/10/2025 10:50,12.16588636,12.0
1/10/2025 11:00,9.618961481,9.0
1/10/2025 11:10,8.567886784,9.0
1/10/2025 11:20,10.53504292,10.6
1/10/2025 11:30,12.58881322,12.0
1/10/2025 11:40,13.5536639,13.4
1/10/2025 11:50,13.7069944,13.4
1/10/2025 12:00,12.46474427,12.0
1/10/2025 12:10,13.36287863,13.4
1/10/2025 12:20,16.29995744,15.3
1/10/2025 12:30,16.9803859,15.3
1/10/2025 12:40,14.6648223,15.3
1/10/2025 12:50,10.85301837,10.6
1/10/2025 13:00,8.724338512,9.0
1/10/2025 13:10,9.059480741,9.0
1/10/2025 13:20,13.22281336,13.4
1/10/2025 13:30,17.26753919,18.8
1/10/2025 13:40,18.89604171,18.8
1/10/2025 13:50,19.22611194,18.8
1/10/2025 14:00,17.76771654,18.8
1/10/2025 14:10,15.50326311,15.3
1/10/2025 14:20,13.78307441,13.4
1/10/2025 14:30,14.02106831,13.4
1/10/2025 14:40,13.95747322,13.4
1/10/2025 14:50,12.38476272,12.0
1/10/2025 15:00,9.962687097,10.6
1/10/2025 15:10,6.348301057,5.5
1/10/2025 15:20,5.038944456,5.5
1/10/2025 15:30,6.697878981,7.4
1/10/2025 15:40,9.496453146,9.0
1/10/2025 15:50,11.9614457,12.0
1/10/2025 16:00,12.86114067,13.4
1/10/2025 16:10,11.7191601,12.0
1/10/2025 16:20,9.01383273,9.0
1/10/2025 16:30,10.35089026,10.6
1/10/2025 16:40,12.44055473,12.0
1/10/2025 16:50,14.87667589,15.3
1/10/2025 17:00,16.08732354,15.3
1/10/2025 17:10,13.55600482,13.4
1/10/2025 17:20,8.862453004,9.0
1/10/2025 17:30,8.468787685,9.0
1/10/2025 17:40,11.2025963,10.6
1/10/2025 17:50,16.22036604,15.3
1/10/2025 18:00,21.42658012,18.8
1/10/2025 18:10,21.93729162,18.8
1/10/2025 18:20,18.21483294,18.8
1/10/2025 18:30,17.54025679,18.8
1/10/2025 18:40,18.8250337,18.8
1/10/2025 18:50,20.14570476,18.8
1/10/2025 19:00,20.11800383,18.8
1/10/2025 19:10,20.56941193,18.8
1/10/2025 19:20,21.89164361,18.8
1/10/2025 19:30,21.35947365,18.8
1/10/2025 19:40,19.07590267,18.8
1/10/2025 19:50,16.39281407,15.3
1/10/2025 20:00,14.3175853,13.4
1/10/2025 20:10,13.42257218,13.4
1/10/2025 20:20,15.32964461,15.3
1/10/2025 20:30,15.01908207,15.3
1/10/2025 20:40,12.80222742,13.4
1/10/2025 20:50,10.25803362,10.6
1/10/2025 21:00,9.195644463,9.0
1/10/2025 21:10,10.08909697,10.6
1/10/2025 21:20,13.20057459,13.4
1/10/2025 21:30,14.72958786,15.3
1/10/2025 21:40,14.20248989,13.4
1/10/2025 21:50,11.11949351,10.6
1/10/2025 22:00,7.772753068,7.4
1/10/2025 22:10,7.262041569,7.4
1/10/2025 22:20,12.0308931,12.0
1/10/2025 22:30,15.75647301,15.3
1/10/2025 22:40,14.86380081,15.3
1/10/2025 22:50,11.6243527,12.0
1/10/2025 23:00,9.12190537,9.0
1/10/2025 23:10,8.995495495,9.0
1/10/2025 23:20,13.67773285,13.4
1/10/2025 23:30,14.26530467,13.4
1/10/2025 23:40,12.24079591,12.0
1/10/2025 23:50,9.729375044,9.0
1/11/2025 0:00,7.485599773,7.4
1/11/2025 0:10,7.940519259,7.4
1/11/2025 0:20,14.669114,15.3
1/11/2025 0:30,16.89377172,15.3
1/11/2025 0:40,16.00539122,15.3
1/11/2025 0:50,14.49081365,15.3
1/11/2025 1:00,11.65829609,12.0
1/11/2025 1:10,11.86390721,12.0
1/11/2025 1:20,15.30389445,15.3
1/11/2025 1:30,14.40927148,15.3
1/11/2025 1:40,12.39139533,12.0
1/11/2025 1:50,9.409448819,9.0
1/11/2025 2:00,6.106795772,5.5
1/11/2025 2:10,4.549691424,4.2
1/11/2025 2:20,7.429027453,7.4
1/11/2025 2:30,7.606157338,7.4
1/11/2025 2:40,5.3011279,5.5
1/11/2025 2:50,3.838050649,4.2
1/11/2025 3:00,3.507590267,3.0
1/11/2025 3:10,3.571965666,3.0
1/11/2025 3:20,6.463396467,7.4
1/11/2025 3:30,7.390402213,7.4
1/11/2025 3:40,7.049017521,7.4
1/11/2025 3:50,6.233595801,5.5
1/11/2025 4:00,5.043626303,5.5
1/11/2025 4:10,3.397957012,3.0
1/11/2025 4:20,2.37633871,2.0
1/11/2025 4:30,1.722876567,2.0
1/11/2025 4:40,1.173521353,1.0
1/11/2025 4:50,1.0,1.0
1/11/2025 5:00,1.0,1.0
1/11/2025 5:10,1.0,1.0
1/11/2025 5:20,1.0,1.0
1/11/2025 5:30,1.055886404,1.0
1/11/2025 5:40,1.209203954,1.0
1/11/2025 5:50,1.605829792,2.0
1/11/2025 6:00,1.831884953,2.0
1/11/2025 6:10,1.707780081,2.0
1/11/2025 6:20,2.165968209,2.0
1/11/2025 6:30,3.927786054,4.2
1/11/2025 6:40,5.877775413,5.5
1/11/2025 6:50,7.85429524,7.4
1/11/2025 7:00,9.060651202,9.0
1/11/2025 7:10,8.856990849,9.0
1/11/2025 7:20,12.49010428,12.0
1/11/2025 7:30,13.98205292,13.4
1/11/2025 7:40,14.95431652,15.3
1/11/2025 7:50,17.53245371,18.8
1/11/2025 8:00,19.33418458,18.8
1/11/2025 8:10,15.20713627,15.3
1/11/2025 8:20,9.56824147,9.0
1/11/2025 8:30,8.268638717,9.0
1/11/2025 8:40,9.625984252,9.0
1/11/2025 8:50,10.69266511,10.6
1/11/2025 9:00,12.37422856,12.0
1/11/2025 9:10,13.19316167,13.4
1/11/2025 9:20,13.82247996,13.4
1/11/2025 9:30,13.56224729,13.4
1/11/2025 9:40,12.8888416,13.4
1/11/2025 9:50,12.25093992,12.0
1/11/2025 10:00,11.62591331,12.0
1/11/2025 10:10,11.63020501,12.0
1/11/2025 10:20,14.09831879,13.4
1/11/2025 10:30,13.90753352,13.4
1/11/2025 10:40,11.53578776,12.0
1/11/2025 10:50,9.474604526,9.0
1/11/2025 11:00,8.366567355,9.0
1/11/2025 11:10,8.506242463,9.0
1/11/2025 11:20,9.729375044,9.0
1/11/2025 11:30,10.32474995,10.6
1/11/2025 11:40,10.88852238,10.6
1/11/2025 11:50,11.86468752,12.0
1/11/2025 12:00,11.90409307,12.0
1/11/2025 12:10,12.50102859,12.0
1/11/2025 12:20,14.29027453,13.4
1/11/2025 12:30,13.35390509,13.4
1/11/2025 12:40,11.89902107,12.0
1/11/2025 12:50,10.23033269,10.6
1/11/2025 13:00,8.148471306,7.4
1/11/2025 13:10,7.696673051,7.4
1/11/2025 13:20,11.82020997,12.0
1/11/2025 13:30,12.91459176,13.4
1/11/2025 13:40,11.98641555,12.0
1/11/2025 13:50,11.02585657,10.6
1/11/2025 14:00,9.389160814,9.0
1/11/2025 14:10,9.593601475,9.0
1/11/2025 14:20,11.64347024,12.0
1/11/2025 14:30,12.32194793,12.0
1/11/2025 14:40,13.0183727,13.4
1/11/2025 14:50,15.25239413,15.3
1/11/2025 15:00,17.09157977,18.8
1/11/2025 15:10,15.32574307,15.3
1/11/2025 15:20,11.77027027,12.0
1/11/2025 15:30,11.28647939,10.6
1/11/2025 15:40,12.75228772,13.4
1/11/2025 15:50,16.34170391,15.3
1/11/2025 16:00,20.20969,18.8
1/11/2025 16:10,18.87887494,18.8
1/11/2025 16:20,14.26140314,13.4
1/11/2025 16:30,13.80804426,13.4
1/11/2025 16:40,16.32882883,15.3
1/11/2025 16:50,21.68408172,18.8
1/11/2025 17:00,26.92150812,29.2
1/11/2025 17:10,22.52291268,18.8
1/11/2025 17:20,13.04607363,13.4
1/11/2025 17:30,12.10112081,12.0
1/11/2025 17:40,15.74281762,15.3
1/11/2025 17:50,20.20578847,18.8
1/11/2025 18:00,24.31527985,29.2
1/11/2025 18:10,20.19408385,18.8
1/11/2025 18:20,11.79367951,12.0
1/11/2025 18:30,9.235440165,9.0
1/11/2025 18:40,9.452365752,9.0
1/11/2025 18:50,9.93225509,10.6
1/11/2025 19:00,10.02121019,10.6
1/11/2025 19:10,10.568206,10.6
1/11/2025 19:20,11.80928566,12.0
1/11/2025 19:30,10.69305526,10.6
1/11/2025 19:40,8.784422217,9.0
1/11/2025 19:50,6.500851245,7.4
1/11/2025 20:00,4.398311698,4.2
1/11/2025 20:10,4.62069944,4.2
1/11/2025 20:20,9.716499965,9.0
1/11/2025 20:30,10.28690502,10.6
1/11/2025 20:40,8.958821026,9.0
1/11/2025 20:50,7.126268,7.4
1/11/2025 21:00,5.100978932,5.5
1/11/2025 21:10,5.055721075,5.5
1/11/2025 21:20,9.046995815,9.0
1/11/2025 21:30,7.770412144,7.4
1/11/2025 21:40,4.639036674,4.2
1/11/2025 21:50,2.853936605,3.0
1/11/2025 22:00,2.076957764,2.0
1/11/2025 22:10,1.726013499,2.0
1/11/2025 22:20,4.778711783,4.2
1/11/2025 22:30,7.487550543,7.4
1/11/2025 22:40,7.053309215,7.4
1/11/2025 22:50,5.973363127,5.5
1/11/2025 23:00,3.642973682,4.2
1/11/2025 23:10,3.115875718,3.0
1/11/2025 23:20,10.76172235,10.6
1/11/2025 23:30,13.41867064,13.4
1/11/2025 23:40,12.63992339,12.0
1/11/2025 23:50,10.92636731,10.6
1/12/2025 0:00,8.19450947,7.4
1/12/2025 0:10,6.71855714,7.4
1/12/2025 0:20,9.282258637,9.0
1/12/2025 0:30,10.72738881,10.6
1/12/2025 0:40,9.26470171,9.0
1/12/2025 0:50,7.184010782,7.4
1/12/2025 1:00,5.87153295,5.5
1/12/2025 1:10,5.846563099,5.5
1/12/2025 1:20,8.269809179,9.0
1/12/2025 1:30,8.324820884,9.0
1/12/2025 1:40,6.750939916,7.4
1/12/2025 1:50,5.248066965,5.5
1/12/2025 2:00,3.642973682,4.2
1/12/2025 2:10,2.887854682,3.0
1/12/2025 2:20,3.999574378,4.2
1/12/2025 2:30,3.478718876,3.0
1/12/2025 2:40,2.480837757,2.0
1/12/2025 2:50,2.158517996,2.0
1/12/2025 3:00,2.070487842,2.0
1/12/2025 3:10,1.91619,2.0
1/12/2025 3:20,1.701702276,2.0
1/12/2025 3:30,1.607986433,2.0
1/12/2025 3:40,1.595830821,2.0
1/12/2025 3:50,1.446238377,1.0
1/12/2025 4:00,1.285470613,1.0
1/12/2025 4:10,1.413104533,1.0
1/12/2025 4:20,1.834629769,2.0
1/12/2025 4:30,1.912072777,2.0
1/12/2025 4:40,1.786203381,2.0
1/12/2025 4:50,1.717582994,2.0
1/12/2025 5:00,1.826199264,2.0
1/12/2025 5:10,1.99343695,2.0
1/12/2025 5:20,1.996377824,2.0
1/12/2025 5:30,2.110091608,2.0
1/12/2025 5:40,2.240470344,2.0
1/12/2025 5:50,2.676699948,3.0
1/12/2025 6:00,3.896573739,4.2
1/12/2025 6:10,4.185677804,4.2
1/12/2025 6:20,3.048379088,3.0
1/12/2025 6:30,2.766886742,3.0
1/12/2025 6:40,2.933340195,3.0
1/12/2025 6:50,3.921543591,4.2
1/12/2025 7:00,5.011633681,5.5
1/12/2025 7:10,6.256224729,5.5
1/12/2025 7:20,7.410690218,7.4
1/12/2025 7:30,8.653330496,9.0
1/12/2025 7:40,10.25023055,10.6
1/12/2025 7:50,12.25093992,12.0
1/12/2025 8:00,13.9754203,13.4
1/12/2025 8:10,13.98439384,13.4
1/12/2025 8:20,11.63371639,12.0
1/12/2025 8:30,12.21816699,12.0
1/12/2025 8:40,13.88295382,13.4
1/12/2025 8:50,15.21689012,15.3
1/12/2025 9:00,16.3807193,15.3
1/12/2025 9:10,15.92579982,15.3
1/12/2025 9:20,14.31407392,13.4
1/12/2025 9:30,13.45027311,13.4
1/12/2025 9:40,12.82719728,13.4
1/12/2025 9:50,12.21426545,12.0
1/12/2025 10:00,11.71213733,12.0
1/12/2025 10:10,12.47020643,12.0
1/12/2025 10:20,14.99138114,15.3
1/12/2025 10:30,12.28878485,12.0
1/12/2025 10:40,8.479711995,9.0
1/12/2025 10:50,6.175072711,5.5
1/12/2025 11:00,5.086153082,5.5
1/12/2025 11:10,4.690927148,4.2
1/12/2025 11:20,6.410335532,5.5
1/12/2025 11:30,6.860573172,7.4
1/12/2025 11:40,6.989714124,7.4
1/12/2025 11:50,7.815279847,7.4
1/12/2025 12:00,7.299106193,7.4
1/12/2025 12:10,6.613995886,7.4
1/12/2025 12:20,7.564020714,7.4
1/12/2025 12:30,8.627580336,9.0
1/12/2025 12:40,8.139107612,7.4
1/12/2025 12:50,6.516847556,7.4
1/12/2025 13:00,5.243385117,5.5
1/12/2025 13:10,3.73700078,4.2
1/12/2025 13:20,3.945342981,4.2
1/12/2025 13:30,3.731538625,4.2
1/12/2025 13:40,3.015216003,3.0
1/12/2025 13:50,2.870993672,3.0
1/12/2025 14:00,2.711402258,3.0
1/12/2025 14:10,2.119110288,2.0
1/12/2025 14:20,1.183520324,1.0
1/12/2025 14:30,1.0,1.0
1/12/2025 14:40,1.0,1.0
1/12/2025 14:50,1.027457958,1.0
1/12/2025 15:00,1.201753741,1.0
1/12/2025 15:10,1.254297352,1.0
1/12/2025 15:20,1.0,1.0
1/12/2025 15:30,1.0,1.0
1/12/2025 15:40,1.377029816,1.0
1/12/2025 15:50,2.32712809,2.0
1/12/2025 16:00,5.189934029,5.5
1/12/2025 16:10,9.280698021,9.0
1/12/2025 16:20,11.68170533,12.0
1/12/2025 16:30,14.1041711,13.4
1/12/2025 16:40,16.65265659,15.3
1/12/2025 16:50,21.69578634,18.8
1/12/2025 17:00,27.70025537,29.2
1/12/2025 17:10,22.38284741,18.8
1/12/2025 17:20,11.32627509,12.0
1/12/2025 17:30,10.92909839,10.6
1/12/2025 17:40,14.92115344,15.3
1/12/2025 17:50,19.3111655,18.8
1/12/2025 18:00,23.87674683,18.8
1/12/2025 18:10,19.49648861,18.8
1/12/2025 18:20,10.95367809,10.6
1/12/2025 18:30,9.029438888,9.0
1/12/2025 18:40,9.754344896,9.0
1/12/2025 18:50,11.38401788,12.0
1/12/2025 19:00,11.83113428,12.0
1/12/2025 19:10,11.70238349,12.0
1/12/2025 19:20,13.12332411,13.4
1/12/2025 19:30,12.19397744,12.0
1/12/2025 19:40,9.524154075,9.0
1/12/2025 19:50,6.296800738,5.5
1/12/2025 20:00,3.50290842,3.0
1/12/2025 20:10,2.890795555,3.0
1/12/2025 20:20,7.336951124,7.4
1/12/2025 20:30,8.003334043,7.4
1/12/2025 20:40,5.832517557,5.5
1/12/2025 20:50,3.828296801,4.2
1/12/2025 21:00,2.330657138,2.0
1/12/2025 21:10,1.960695223,2.0
1/12/2025 21:20,6.021352061,5.5
1/12/2025 21:30,7.192594169,7.4
1/12/2025 21:40,5.055330921,5.5
1/12/2025 21:50,3.065545861,3.0
1/12/2025 22:00,2.303208983,2.0
1/12/2025 22:10,2.239882169,2.0
1/12/2025 22:20,6.320990282,5.5
1/12/2025 22:30,7.562069944,7.4
1/12/2025 22:40,5.650705824,5.5
1/12/2025 22:50,3.444775484,3.0
1/12/2025 23:00,2.033824949,2.0
1/12/2025 23:10,1.588576666,2.0
1/12/2025 23:20,5.994431439,5.5
1/12/2025 23:30,7.490671774,7.4
1/12/2025 23:40,5.338972831,5.5
1/12/2025 23:50,2.713558898,3.0
